{
    "version": "2.0.0",
    "tasks": [
        {
            "label": "Run Python Script",
            "type": "shell",
            "command": "conda activate python && python lmst_ext.py",
            "group": {
                "kind": "build",
                "isDefault": true
            },
            "presentation": {
                "echo": true,
                "reveal": "always",
                "focus": false,
                "panel": "shared",
                "showReuseMessage": true,
                "clear": false
            },
            "problemMatcher": []
        }
    ]
}
